{
  "carla": {
    "n_frames": 547,
    "n_proposals": 1924,
    "n_tp": 1012,
    "n_fp": 912,
    "auroc_conf": 0.8950423861035989,
    "auroc_var": 0.7382463074682744,
    "auroc_geo": 0.9735650266971795,
    "ece": 0.257139394696193,
    "nll": 0.5572960087659455,
    "brier": 0.19675788692306934,
    "aurc": 0.2483016478750892
  },
  "kitti": {
    "n_frames": 101,
    "n_proposals": 465,
    "n_tp": 135,
    "n_fp": 330,
    "auroc_conf": 0.9999326599326599,
    "auroc_var": 0.8892480359147027,
    "auroc_geo": 0.912435465768799,
    "ece": 0.20174440387280537,
    "nll": 0.23541857563002838,
    "brier": 0.04931192487980391,
    "aurc": 0.35066423435357097
  }
}